date,return,raw
2016-01-05,0.004227336777829967,4276.0
2016-01-06,-0.01216089803554724,4224.0
2016-01-07,0.00023674242424242425,4225.0
2016-01-08,-0.01136094674556213,4177.0
2016-01-12,-0.03279865932487431,4040.0
2016-01-13,0.04950495049504951,4240.0
2016-01-14,-0.007075471698113208,4210.0
2016-01-15,0.032541567695962,4347.0
2016-01-18,0.002300437083045779,4357.0
2016-01-19,-0.008492081707596971,4320.0
2016-01-20,-0.026157407407407407,4207.0
2016-01-21,-0.0009507962918944616,4203.0
2016-01-22,0.024506305020223648,4306.0
2016-01-25,-0.003947979563399907,4289.0
2016-01-26,-0.006295173700163208,4262.0
2016-01-27,0.02017832003754106,4348.0
2016-01-28,0.015869365225390984,4417.0
2016-01-29,0.013357482454154404,4476.0
2016-02-01,-0.05116175156389634,4247.0
2016-02-02,0.012950317871438662,4302.0
2016-02-03,-0.00604370060437006,4276.0
2016-02-04,-0.02362020579981291,4175.0
2016-02-05,-0.0237125748502994,4076.0
2016-02-08,0.015947006869479884,4141.0
2016-02-09,-0.028737020043467763,4022.0
2016-02-10,-0.0382894082545997,3868.0
2016-02-12,-0.045501551189245086,3692.0
2016-02-15,0.10021668472372698,4062.0
2016-02-16,-0.028311176760216644,3947.0
2016-02-17,0.015201418799087915,4007.0
2016-02-18,-0.01697030197154979,3939.0
2016-02-19,0.00787001777100787,3970.0
2016-02-22,0.05591939546599496,4192.0
2016-02-23,-0.011688931297709924,4143.0
2016-02-24,-0.004344677769732078,4125.0
2016-02-25,0.01090909090909091,4170.0
2016-02-26,-0.00023980815347721823,4169.0
2016-02-29,-0.030942672103621973,4040.0
2016-03-01,0.006435643564356435,4066.0
2016-03-02,0.01819970486965076,4140.0
2016-03-03,-0.021980676328502414,4049.0
2016-03-04,0.018523092121511483,4124.0
2016-03-07,-0.007759456838021339,4092.0
2016-03-08,-0.007575757575757576,4061.0
2016-03-09,-0.027333169170155134,3950.0
2016-03-10,0.013417721518987341,4003.0
2016-03-11,0.013240069947539346,4056.0
2016-03-14,0.0034516765285996054,4070.0
2016-03-15,0.007125307125307125,4099.0
2016-03-16,0.012198097096852892,4149.0
2016-03-17,-0.01373825018076645,4092.0
2016-03-18,0.0004887585532746823,4094.0
2016-03-22,0.012212994626282364,4144.0
2016-03-23,0.00723938223938224,4174.0
2016-03-24,0.01892668902731193,4253.0
2016-03-25,-0.008229485069362802,4218.0
2016-03-28,0.007112375533428165,4248.0
2016-03-29,-0.0160075329566855,4180.0
2016-03-30,-0.003110047846889952,4167.0
2016-03-31,-0.01079913606911447,4122.0
2016-04-01,-0.01722464822901504,4051.0
2016-04-04,-0.010120957788200444,4010.0
2016-04-05,-0.02369077306733167,3915.0
2016-04-06,0.020434227330779056,3995.0
2016-04-07,0.0022528160200250315,4004.0
2016-04-08,0.004495504495504496,4022.0
2016-04-11,0.008950770760815515,4058.0
2016-04-12,-0.0049285362247412515,4038.0
2016-04-13,0.010401188707280832,4080.0
2016-04-14,0.01715686274509804,4150.0
2016-04-15,0.004096385542168675,4167.0
2016-04-18,-0.0251979841612671,4062.0
2016-04-19,0.019694731659281144,4142.0
2016-04-20,-0.009657170449058426,4102.0
2016-04-21,0.0014627011214041932,4108.0
2016-04-22,-0.0024342745861733205,4098.0
2016-04-25,-0.00854075158613958,4063.0
2016-04-26,0.002215111986217081,4072.0
2016-04-27,-0.009086444007858546,4035.0
2016-04-28,-0.020322180916976455,3953.0
2016-05-02,-0.023526435618517583,3860.0
2016-05-06,0.01994818652849741,3937.0
2016-05-09,-0.000254000508001016,3936.0
2016-05-10,0.027439024390243903,4044.0
2016-05-11,-0.004451038575667656,4026.0
2016-05-12,-0.007948335817188276,3994.0
2016-05-13,-0.022784176264396595,3903.0
2016-05-16,-0.009736100435562388,3865.0
2016-05-17,-0.0033635187580853816,3852.0
2016-05-18,0.0,3852.0
2016-05-19,-0.008307372793354102,3820.0
2016-05-20,-0.012041884816753926,3774.0
2016-05-23,-0.006094329623741388,3751.0
2016-05-24,0.005598507064782724,3772.0
2016-05-25,0.015376458112407211,3830.0
2016-05-26,0.00835509138381201,3862.0
2016-05-27,-0.006214396685655101,3838.0
2016-05-30,-0.008858780614903595,3804.0
2016-05-31,-0.0007886435331230284,3801.0
2016-06-01,-0.016574585635359115,3738.0
2016-06-02,-0.030230069555912252,3625.0
2016-06-03,0.001379310344827586,3630.0
2016-06-06,-0.0013774104683195593,3625.0
2016-06-07,-0.02372413793103448,3539.0
2016-06-08,0.022605255721955354,3619.0
2016-06-09,-0.02321083172147002,3535.0
2016-06-10,0.008203677510608205,3564.0
2016-06-13,-0.026374859708193043,3470.0
2016-06-14,-0.009798270893371758,3436.0
2016-06-15,-0.004365541327124563,3421.0
2016-06-16,-0.026308097047646885,3331.0
2016-06-17,0.006004202942059442,3351.0
2016-06-20,0.008057296329453895,3378.0
2016-06-21,0.012433392539964476,3420.0
2016-06-22,-0.005555555555555556,3401.0
2016-06-23,0.006762716847985887,3424.0
2016-06-24,-0.07359813084112149,3172.0
2016-06-27,0.029634300126103404,3266.0
2016-06-28,-0.001837109614206981,3260.0
2016-06-29,0.017791411042944787,3318.0
2016-06-30,-0.007836045810729355,3292.0
2016-07-01,-0.025820170109356014,3207.0
2016-07-04,-0.004989086373557842,3191.0
2016-07-05,0.00407395800689439,3204.0
2016-07-06,-0.03932584269662921,3078.0
2016-07-07,-0.003248862897985705,3068.0
2016-07-08,-0.01499348109517601,3022.0
2016-07-11,0.02614162806088683,3101.0
2016-07-12,0.0454692034827475,3242.0
2016-07-13,0.04503392967304133,3388.0
2016-07-14,-0.004722550177095631,3372.0
2016-07-15,0.012158956109134046,3413.0
2016-07-19,0.00937591561675945,3445.0
2016-07-20,-0.01683599419448476,3387.0
2016-07-21,0.007676409802184824,3413.0
2016-07-22,-0.026955757398183417,3321.0
2016-07-25,-0.010237880156579343,3287.0
2016-07-26,-0.0030422878004259203,3277.0
2016-07-27,0.01281660054928288,3319.0
2016-07-28,-0.04278397107562519,3177.0
2016-07-29,0.005980484734025811,3196.0
2016-08-01,-0.032227784730913644,3093.0
2016-08-02,-0.007436146136437116,3070.0
2016-08-03,-0.026710097719869708,2988.0
2016-08-04,0.0016733601070950468,2993.0
2016-08-05,-0.0011693952555963916,2989.5
2016-08-08,0.04967385850476668,3138.0
2016-08-09,-0.011153601019757807,3103.0
2016-08-10,0.024492426683854335,3179.0
2016-08-12,0.0009436929852154766,3182.0
2016-08-15,-0.016027655562539284,3131.0
2016-08-16,-0.005748961992973491,3113.0
2016-08-17,-0.009958239640218438,3082.0
2016-08-18,-0.015574302401038288,3034.0
2016-08-19,-0.015985497692814765,2985.5
2016-08-22,-0.0035169988276670576,2975.0
2016-08-23,0.014453781512605042,3018.0
2016-08-24,0.022200132538104704,3085.0
2016-08-25,0.022366288492706644,3154.0
2016-08-26,-0.02219403931515536,3084.0
2016-08-29,-0.010700389105058366,3051.0
2016-08-30,-0.010816125860373648,3018.0
2016-08-31,0.042743538767395624,3147.0
2016-09-01,-0.01271051795360661,3107.0
2016-09-02,0.0067589314451239136,3128.0
2016-09-05,-0.00031969309462915604,3127.0
2016-09-06,0.004477134633834346,3141.0
2016-09-07,-0.011142948105698823,3106.0
2016-09-08,-0.008692852543464262,3079.0
2016-09-09,0.02078596947060734,3143.0
2016-09-12,-0.007317849188673242,3120.0
2016-09-13,-0.009935897435897435,3089.0
2016-09-14,-0.011006798316607317,3055.0
2016-09-15,-0.009819967266775777,3025.0
2016-09-16,0.00628099173553719,3044.0
2016-09-20,0.001314060446780552,3048.0
2016-09-21,0.022965879265091863,3118.0
2016-09-23,-0.007055805003207184,3096.0
2016-09-26,-0.022286821705426358,3027.0
2016-09-27,0.015196564255037992,3073.0
2016-09-28,-0.007484542792059876,3050.0
2016-09-29,-0.014426229508196721,3006.0
2016-09-30,-0.015635395874916833,2959.0
2016-10-03,0.005407232173031429,2975.0
2016-10-04,-0.004369747899159664,2962.0
2016-10-05,0.00962187711006077,2990.5
2016-10-06,0.007858217689349608,3014.0
2016-10-07,0.0046449900464499,3028.0
2016-10-11,-0.019484808454425365,2969.0
2016-10-12,-0.012798922196025598,2931.0
2016-10-13,0.003923575571477311,2942.5
2016-10-14,0.0016992353440951572,2947.5
2016-10-17,0.007463952502120441,2969.5
2016-10-18,0.00471459841724196,2983.5
2016-10-19,-0.0013407072230601643,2979.5
2016-10-20,0.01325725792918275,3019.0
2016-10-21,0.01987413050679033,3079.0
2016-10-24,0.0003247807729782397,3080.0
2016-10-25,0.0003246753246753247,3081.0
2016-10-26,0.005842259006815969,3099.0
2016-10-27,-0.010325911584382058,3067.0
2016-10-28,0.008477339419628301,3093.0
2016-10-31,0.0009699321047526673,3096.0
2016-11-01,0.02131782945736434,3162.0
2016-11-02,0.0015812776723592662,3167.0
2016-11-04,-0.015472055573097568,3118.0
2016-11-07,0.008980115458627326,3146.0
2016-11-08,0.0019071837253655435,3152.0
2016-11-09,-0.01300761421319797,3111.0
2016-11-10,0.02571520411443266,3191.0
2016-11-11,-0.004700720777185835,3176.0
2016-11-14,0.014168765743073047,3221.0
2016-11-15,-0.009624340266997827,3190.0
2016-11-16,0.02225705329153605,3261.0
2016-11-17,0.021465808034345293,3331.0
2016-11-18,0.015610927649354548,3383.0
2016-11-21,0.004433934377771209,3398.0
2016-11-22,-0.0002942907592701589,3397.0
2016-11-24,0.0,3397.0
2016-11-25,-0.004121283485428319,3383.0
2016-11-28,-0.007981081879988175,3356.0
2016-11-29,0.0038736591179976162,3369.0
2016-11-30,0.004749183734045711,3385.0
2016-12-01,-0.025110782865583457,3300.0
2016-12-02,0.004545454545454545,3315.0
2016-12-05,-0.01478129713423831,3266.0
2016-12-06,-0.0009185548071034905,3263.0
2016-12-07,0.013484523444682808,3307.0
2016-12-08,0.027214998488055638,3397.0
2016-12-09,0.0138357374153665,3444.0
2016-12-12,0.012775842044134728,3488.0
2016-12-13,0.0005733944954128441,3490.0
2016-12-14,-0.002292263610315186,3482.0
2016-12-15,0.0011487650775416428,3486.0
2016-12-16,0.010900745840504877,3524.0
2016-12-19,-0.0036889897843359817,3511.0
2016-12-20,0.009399031614924523,3544.0
2016-12-21,-0.009029345372460496,3512.0
2016-12-22,-0.0005694760820045558,3510.0
2016-12-26,-0.0002849002849002849,3509.0
2016-12-27,-0.005129666571672842,3491.0
2016-12-28,-0.006874820968203953,3467.0
2016-12-29,-0.017017594462070955,3408.0
2016-12-30,0.0020539906103286387,3415.0
2017-01-04,0.01698389458272328,3473.0
2017-01-05,0.014108839619925137,3522.0
2017-01-06,0.0028392958546280523,3532.0
2017-01-10,0.010192525481313703,3568.0
2017-01-11,0.006726457399103139,3592.0
2017-01-12,-0.0019487750556792874,3585.0
2017-01-13,0.009762900976290097,3620.0
2017-01-16,0.006353591160220995,3643.0
2017-01-17,-0.005764479824320615,3622.0
2017-01-18,0.001932633903920486,3629.0
2017-01-19,0.015982364287682557,3687.0
2017-01-20,-0.0027122321670735015,3677.0
2017-01-23,-0.010334511830296437,3639.0
2017-01-24,-0.00247320692497939,3630.0
2017-01-25,0.004132231404958678,3645.0
2017-01-26,0.0024691358024691358,3654.0
2017-01-27,0.012862616310892173,3701.0
2017-01-30,-0.008646311807619562,3669.0
2017-01-31,-0.01826110656854729,3602.0
2017-02-01,0.009994447529150472,3638.0
2017-02-02,-0.012094557449147883,3594.0
2017-02-03,-0.03311074012242626,3475.0
2017-02-06,0.0028776978417266188,3485.0
2017-02-07,0.011477761836441894,3525.0
2017-02-08,0.003971631205673759,3539.0
2017-02-09,-0.011020062164453235,3500.0
2017-02-10,0.011714285714285714,3541.0
2017-02-13,0.011861056198813894,3583.0
2017-02-14,0.003628244487859336,3596.0
2017-02-15,0.001946607341490545,3603.0
2017-02-16,0.0011101859561476548,3607.0
2017-02-17,0.0027723870252287217,3617.0
2017-02-20,0.011888305225324854,3660.0
2017-02-21,0.008469945355191256,3691.0
2017-02-22,0.0,3691.0
2017-02-23,-0.000812787862367922,3688.0
2017-02-24,0.0027114967462039045,3698.0
2017-02-27,-0.0075716603569497025,3670.0
2017-02-28,-0.00027247956403269756,3669.0
2017-03-01,0.011992368492777324,3713.0
2017-03-02,0.00269323996768112,3723.0
2017-03-03,-0.0029546065001343,3712.0
2017-03-06,-0.005657327586206897,3691.0
2017-03-07,0.001625575724735844,3697.0
2017-03-08,-0.013253989721395727,3648.0
2017-03-09,0.0024671052631578946,3657.0
2017-03-10,0.017227235438884332,3720.0
2017-03-13,0.011021505376344085,3761.0
2017-03-14,0.0029247540547726668,3772.0
2017-03-15,-0.0042417815482502655,3756.0
2017-03-16,-0.004792332268370607,3738.0
2017-03-17,-0.004815409309791332,3720.0
2017-03-21,-0.00510752688172043,3701.0
2017-03-22,-0.01459065117535801,3647.0
2017-03-23,0.0013709898546750755,3652.0
2017-03-24,0.0030120481927710845,3663.0
2017-03-27,-0.009282009282009281,3629.0
2017-03-28,0.015982364287682557,3687.0
2017-03-29,-0.03580146460537022,3555.0
2017-03-30,0.0005625879043600563,3557.0
2017-03-31,-0.008715209446162496,3526.0
2017-04-03,0.0017016449234259785,3532.0
2017-04-04,-0.005379388448471121,3513.0
2017-04-05,-0.01309422146313692,3467.0
2017-04-06,-0.015863859244303433,3412.0
2017-04-07,-0.009378663540445486,3380.0
2017-04-10,0.0038461538461538464,3393.0
2017-04-11,-0.004420866489832007,3378.0
2017-04-12,-0.004736530491415038,3362.0
2017-04-13,0.001189767995240928,3366.0
2017-04-14,0.0017825311942959,3372.0
2017-04-17,0.00771055753262159,3398.0
2017-04-18,0.002354326074161271,3406.0
2017-04-19,-0.014679976512037582,3356.0
2017-04-20,-0.004171632896305125,3342.0
2017-04-21,0.019150209455415918,3406.0
2017-04-24,0.0005871990604815032,3408.0
2017-04-25,0.014084507042253521,3456.0
2017-04-26,0.007233796296296296,3481.0
2017-04-27,0.0017236426314277506,3487.0
2017-04-28,0.00946372239747634,3520.0
2017-05-01,-0.07301136363636364,3263.0
2017-05-02,0.011645724793135151,3301.0
2017-05-08,0.03211148136928203,3407.0
2017-05-09,0.004989727032579982,3424.0
2017-05-10,-0.0014602803738317756,3419.0
2017-05-11,0.007897045919859609,3446.0
2017-05-12,-0.0046430644225188625,3430.0
2017-05-15,-0.004956268221574344,3413.0
2017-05-16,0.007617931438617052,3439.0
2017-05-17,-0.002617039837161966,3430.0
2017-05-18,-0.006705539358600583,3407.0
2017-05-19,-0.003228646903434106,3396.0
2017-05-22,-0.00265017667844523,3387.0
2017-05-23,-0.02273398287570121,3310.0
2017-05-24,-0.005438066465256798,3292.0
2017-05-25,0.0009113001215066828,3295.0
2017-05-26,-0.0012139605462822458,3291.0
2017-05-29,0.003342449103615922,3302.0
2017-05-30,-0.0006056935190793458,3300.0
2017-05-31,-0.016666666666666666,3245.0
2017-06-01,0.0012326656394453005,3249.0
2017-06-02,0.002770083102493075,3258.0
2017-06-05,0.0003069367710251688,3259.0
2017-06-06,0.012580546179809757,3300.0
2017-06-07,0.010303030303030303,3334.0
2017-06-08,0.004799040191961607,3350.0
2017-06-09,-0.00417910447761194,3336.0
2017-06-12,0.002997601918465228,3346.0
2017-06-13,-0.008368200836820083,3318.0
2017-06-14,0.015370705244122965,3369.0
2017-06-15,0.014841199168892847,3419.0
2017-06-16,0.005264697279906405,3437.0
2017-06-19,0.0,3437.0
2017-06-20,0.0017457084666860634,3443.0
2017-06-21,0.00261399941911124,3452.0
2017-06-22,0.0020278099652375433,3459.0
2017-06-23,0.0026019080659150044,3468.0
2017-06-26,-0.006343713956170703,3446.0
2017-06-27,0.0005803830528148578,3448.0
2017-06-28,-0.0034802784222737818,3436.0
2017-06-29,0.008440046565774156,3465.0
2017-06-30,0.0025974025974025974,3474.0
2017-07-03,0.004605641911341394,3490.0
2017-07-04,-0.006590257879656161,3467.0
2017-07-05,0.009229881742140178,3499.0
2017-07-06,0.003715347242069163,3512.0
2017-07-07,-0.002277904328018223,3504.0
2017-07-10,0.001141552511415525,3508.0
2017-07-11,0.010832383124287344,3546.0
2017-07-12,-0.00676818950930626,3522.0
2017-07-13,0.014196479273140262,3572.0
2017-07-14,0.012318029115341545,3616.0
2017-07-18,0.004148230088495576,3631.0
2017-07-19,0.006334343156155329,3654.0
2017-07-20,0.0,3654.0
2017-07-21,-0.005747126436781609,3633.0
2017-07-24,-0.006330856041838701,3610.0
2017-07-25,-0.013296398891966758,3562.0
2017-07-26,-0.008702975856260528,3531.0
2017-07-27,0.018974794675729253,3598.0
2017-07-28,-0.0022234574763757642,3590.0
2017-07-31,-0.006128133704735376,3568.0
2017-08-01,0.02774663677130045,3667.0
2017-08-02,0.007908371966184892,3696.0
2017-08-03,0.007305194805194805,3723.0
2017-08-04,0.0110126242277733,3764.0
2017-08-07,0.007970244420828906,3794.0
2017-08-08,0.004744333157617291,3812.0
2017-08-09,-0.015739769150052464,3752.0
2017-08-10,-0.0015991471215351812,3746.0
2017-08-14,-0.004271222637479978,3730.0
2017-08-15,0.004289544235924933,3746.0
2017-08-16,0.015483182060864922,3804.0
2017-08-17,0.005257623554153523,3824.0
2017-08-18,-0.007060669456066946,3797.0
2017-08-21,0.0021069265209375824,3805.0
2017-08-22,0.006570302233902759,3830.0
2017-08-23,-0.004177545691906005,3814.0
2017-08-24,-0.013633980073413739,3762.0
2017-08-25,0.001594896331738437,3768.0
2017-08-28,0.0002653927813163482,3769.0
2017-08-29,0.006102414433536747,3792.0
2017-08-30,-0.007383966244725738,3764.0
2017-08-31,0.0037194473963868225,3778.0
2017-09-01,-0.003440974060349391,3765.0
2017-09-04,0.0010624169986719787,3769.0
2017-09-05,-0.01114353940037145,3727.0
2017-09-06,-0.015025489669975852,3671.0
2017-09-07,0.005175701443748297,3690.0
2017-09-08,0.006233062330623307,3713.0
2017-09-11,0.007810395906275249,3742.0
2017-09-12,0.015232495991448424,3799.0
2017-09-13,-0.0021058173203474598,3791.0
2017-09-14,-0.011870218939593774,3746.0
2017-09-15,0.00400427122263748,3761.0
2017-09-19,0.0069130550385535765,3787.0
2017-09-20,-0.016899920781621336,3723.0
2017-09-21,0.0021488047273704003,3731.0
2017-09-22,0.0016081479496113642,3737.0
2017-09-25,0.010703773080010704,3777.0
2017-09-26,0.012443738416732858,3824.0
2017-09-27,-0.007583682008368201,3795.0
2017-09-28,0.003689064558629776,3809.0
2017-09-29,-0.00026253609871357313,3808.0
2017-10-02,-0.011029411764705883,3766.0
2017-10-03,0.003186404673393521,3778.0
2017-10-04,-0.0005293806246691371,3776.0
2017-10-05,-0.00423728813559322,3760.0
2017-10-06,0.0026595744680851063,3770.0
2017-10-10,0.003713527851458886,3784.0
2017-10-11,0.005813953488372093,3806.0
2017-10-12,0.0005254860746190226,3808.0
2017-10-13,0.019170168067226892,3881.0
2017-10-16,-0.001030662200463798,3877.0
2017-10-17,0.0010317255610007739,3881.0
2017-10-18,-0.001030662200463798,3877.0
2017-10-19,-0.003095176683002321,3865.0
2017-10-20,-0.004139715394566624,3849.0
2017-10-23,-0.000779423226812159,3846.0
2017-10-24,0.0033801352054082163,3859.0
2017-10-25,0.0007774034724021767,3862.0
2017-10-26,-0.006991196271361988,3835.0
2017-10-27,0.0007822685788787483,3838.0
2017-10-30,0.0020844189682126106,3846.0
2017-10-31,0.0062402496099844,3870.0
2017-11-01,0.033850129198966405,4001.0
2017-11-02,0.002749312671832042,4012.0
2017-11-06,0.003988035892323031,4028.0
2017-11-07,0.014895729890764648,4088.0
2017-11-08,0.009050880626223091,4125.0
2017-11-09,-0.0026666666666666666,4114.0
2017-11-10,-0.015070491006319884,4052.0
2017-11-13,-0.008884501480750246,4016.0
2017-11-14,-0.0069721115537848604,3988.0
2017-11-15,-0.006018054162487462,3964.0
2017-11-16,0.014883955600403632,4023.0
2017-11-17,-0.0004971414367387521,4021.0
2017-11-20,-0.002486943546381497,4011.0
2017-11-21,0.007978060334081277,4043.0
2017-11-22,0.0017313875834776156,4050.0
2017-11-24,-0.0032098765432098763,4037.0
2017-11-27,-0.0034679217240525142,4023.0
2017-11-28,0.008948545861297539,4059.0
2017-11-29,0.007883715200788372,4091.0
2017-11-30,0.006110975311659741,4116.0
2017-12-01,0.012876579203109815,4169.0
2017-12-04,-0.011033821060206284,4123.0
2017-12-05,0.008488964346349746,4158.0
2017-12-06,-0.0002405002405002405,4157.0
2017-12-07,0.009381765696415684,4196.0
2017-12-08,0.019304099142040038,4277.0
2017-12-11,0.004208557400046762,4295.0
2017-12-12,0.0011641443538998836,4300.0
2017-12-13,-0.0009302325581395349,4296.0
2017-12-14,-0.006284916201117319,4269.0
2017-12-15,0.0053876786132583745,4292.0
2017-12-18,0.001863932898415657,4300.0
2017-12-19,0.008604651162790697,4337.0
2017-12-20,0.02259626469910076,4435.0
2017-12-21,-0.007215332581736189,4403.0
2017-12-22,-0.0018169429934135816,4395.0
2017-12-25,0.007508532423208191,4428.0
2017-12-26,0.002935862691960253,4441.0
2017-12-27,-0.0009006980409817609,4437.0
2017-12-28,-0.004958305161144917,4415.0
2017-12-29,-0.0015855039637599094,4408.0
2018-01-04,0.00794010889292196,4443.0
2018-01-05,-0.004051316677920324,4425.0
2018-01-09,0.01401129943502825,4487.0
2018-01-10,-0.014040561622464899,4424.0
2018-01-11,0.0002260397830018083,4425.0
2018-01-12,-0.003389830508474576,4410.0
2018-01-15,-0.014512471655328799,4346.0
2018-01-16,-0.007132995858260469,4315.0
2018-01-17,-0.006025492468134415,4289.0
2018-01-18,-0.00862671951503847,4252.0
2018-01-19,0.015522107243650047,4318.0
2018-01-22,0.0004631773969430292,4320.0
2018-01-23,0.001388888888888889,4326.0
2018-01-24,-0.006472491909385114,4298.0
2018-01-25,-0.015123313168915775,4233.0
2018-01-26,-0.005905976848570754,4208.0
2018-01-29,-0.0038022813688212928,4192.0
2018-01-30,-0.00715648854961832,4162.0
2018-01-31,-0.011773185968284479,4113.0
2018-02-01,0.016289812788718695,4180.0
2018-02-02,-0.009569377990430622,4140.0
2018-02-05,-0.007971014492753623,4107.0
2018-02-06,-0.0340881421962503,3967.0
2018-02-07,0.00201663725737333,3975.0
2018-02-08,0.008553459119496854,4009.0
2018-02-09,-0.009728111748565728,3970.0
2018-02-13,-0.02468513853904282,3872.0
2018-02-14,0.013171487603305785,3923.0
2018-02-15,0.0002549069589599796,3924.0
2018-02-16,0.013506625891946993,3977.0
2018-02-19,0.015338194619059593,4038.0
2018-02-20,-0.004210004952947003,4021.0
2018-02-21,0.002486943546381497,4031.0
2018-02-22,-0.005209625403125776,4010.0
2018-02-23,0.011471321695760598,4056.0
2018-02-26,0.0002465483234714004,4057.0
2018-02-27,0.008380576780872565,4091.0
2018-02-28,-0.0004888780249327792,4089.0
2018-03-01,0.04353142577647347,4267.0
2018-03-02,-0.016170611670963207,4198.0
2018-03-05,0.004287756074321105,4216.0
2018-03-06,-0.008064516129032258,4182.0
2018-03-07,0.007890961262553802,4215.0
2018-03-08,0.00166073546856465,4222.0
2018-03-09,-0.004500236854571293,4203.0
2018-03-12,0.009517011658339281,4243.0
2018-03-13,0.01296252651425878,4298.0
2018-03-14,-0.0006979990693345743,4295.0
2018-03-15,0.006053550640279395,4321.0
2018-03-16,0.004397130293913446,4340.0
2018-03-19,0.001152073732718894,4345.0
2018-03-20,0.010586881472957423,4391.0
2018-03-22,-0.016852653154179,4317.0
2018-03-23,-0.020847810979847115,4227.0
2018-03-26,-0.005441211260941566,4204.0
2018-03-27,0.012369172216936251,4256.0
2018-03-28,0.002349624060150376,4266.0
2018-03-29,0.005391467416783873,4289.0
2018-03-30,-0.0016320820704126837,4282.0
2018-04-02,0.005838393274170948,4307.0
2018-04-03,0.007429765498026469,4339.0
2018-04-04,0.004148421295229315,4357.0
2018-04-05,0.006885471654808354,4387.0
2018-04-06,-0.017095965352176886,4312.0
2018-04-09,0.0055658627087198514,4336.0
2018-04-10,-0.005535055350553505,4312.0
2018-04-11,-0.00974025974025974,4270.0
2018-04-12,-0.012412177985948477,4217.0
2018-04-13,0.002608489447474508,4228.0
2018-04-16,0.000946073793755913,4232.0
2018-04-17,0.001890359168241966,4240.0
2018-04-18,-0.0023584905660377358,4230.0
2018-04-19,-0.009456264775413711,4190.0
2018-04-20,0.0076372315035799524,4222.0
2018-04-23,0.005684509711037423,4246.0
2018-04-24,0.019783325482807347,4330.0
2018-04-25,-0.004387990762124711,4311.0
2018-04-26,-0.00046392948271862676,4309.0
2018-04-27,0.00023207240659085636,4310.0
2018-05-01,-0.01740139211136891,4235.0
2018-05-02,-0.01936245572609209,4153.0
2018-05-07,-0.004575006019744763,4134.0
2018-05-08,-0.0009675858732462506,4130.0
2018-05-09,-0.017433414043583534,4058.0
2018-05-10,-0.017989157220305568,3985.0
2018-05-11,0.005520702634880803,4007.0
2018-05-14,0.006239081607187422,4032.0
2018-05-15,0.006448412698412698,4058.0
2018-05-16,0.007146377525874815,4087.0
2018-05-17,-0.0036701737215561535,4072.0
2018-05-18,0.01031434184675835,4114.0
2018-05-21,0.004618376276130287,4133.0
2018-05-22,0.0026615049600774254,4144.0
2018-05-23,0.01278957528957529,4197.0
2018-05-24,0.003812246842983083,4213.0
2018-05-25,0.018988844054118204,4293.0
2018-05-28,0.017004425809457255,4366.0
2018-05-29,-0.007787448465414567,4332.0
2018-05-30,-0.01038781163434903,4287.0
2018-05-31,-0.01609517144856543,4218.0
2018-06-01,-0.0030820293978188716,4205.0
2018-06-04,0.004042806183115339,4222.0
2018-06-05,-0.006868782567503553,4193.0
2018-06-06,0.00882423086095874,4230.0
2018-06-07,0.015839243498817965,4297.0
2018-06-08,-0.009541540609727717,4256.0
2018-06-11,0.004934210526315789,4277.0
2018-06-12,0.002338087444470423,4287.0
2018-06-13,0.01469559132260322,4350.0
2018-06-14,-0.0034482758620689655,4335.0
2018-06-15,-0.009457900807381776,4294.0
2018-06-18,-0.011178388448998603,4246.0
2018-06-19,-0.027319830428638718,4130.0
2018-06-20,0.0,4130.0
2018-06-21,-0.0070217917675544795,4101.0
2018-06-22,-0.00121921482565228,4096.0
2018-06-25,-0.009033203125,4059.0
2018-06-26,0.0009854644000985464,4063.0
2018-06-27,-0.012306177701206006,4013.0
2018-06-28,-0.02043359082980314,3931.0
2018-06-29,-0.0007631645891630628,3928.0
2018-07-02,-0.023167006109979633,3837.0
2018-07-03,0.009642950221527235,3874.0
2018-07-04,0.0074858027878162104,3903.0
2018-07-05,-0.005380476556495004,3882.0
2018-07-06,-0.002833590932509016,3871.0
2018-07-09,0.0025833118057349523,3881.0
2018-07-10,0.00489564545220304,3900.0
2018-07-11,-0.0017948717948717949,3893.0
2018-07-12,0.005651168764449011,3915.0
2018-07-13,0.009450830140485313,3952.0
2018-07-17,0.0215080971659919,4037.0
2018-07-18,0.009412930393856824,4075.0
2018-07-19,0.014478527607361963,4134.0
2018-07-20,0.014997581035316884,4196.0
2018-07-23,0.0021448999046711154,4205.0
2018-07-24,-0.005945303210463734,4180.0
2018-07-25,0.002631578947368421,4191.0
2018-07-26,0.008589835361488905,4227.0
2018-07-27,0.013248166548379466,4283.0
2018-07-30,-0.005603548914312398,4259.0
2018-07-31,-0.0319323784926039,4123.0
2018-08-01,-0.012369633761823914,4072.0
2018-08-02,-0.01719056974459725,4002.0
2018-08-03,-0.002748625687156422,3991.0
2018-08-06,-0.004009020295665247,3975.0
2018-08-07,0.002767295597484277,3986.0
2018-08-08,0.008529854490717512,4020.0
2018-08-09,0.0037313432835820895,4035.0
2018-08-10,-0.0044609665427509295,4017.0
2018-08-13,-0.014189693801344288,3960.0
2018-08-14,0.014393939393939395,4017.0
2018-08-15,-0.009210853871048046,3980.0
2018-08-16,-0.0052763819095477385,3959.0
2018-08-17,0.012376862844152564,4008.0
2018-08-20,-0.008483033932135729,3974.0
2018-08-21,0.007045797684952189,4002.0
2018-08-22,0.0004997501249375312,4004.0
2018-08-23,0.0014985014985014985,4010.0
2018-08-24,-0.0022443890274314216,4001.0
2018-08-27,-0.006248437890527368,3976.0
2018-08-28,-0.004024144869215292,3960.0
2018-08-29,0.0022727272727272726,3969.0
2018-08-30,0.00781053162005543,4000.0
2018-08-31,0.00125,4005.0
2018-09-03,0.02696629213483146,4113.0
2018-09-04,-0.01337223437879893,4058.0
2018-09-05,-0.005174963035978314,4037.0
2018-09-06,-0.013623978201634877,3982.0
2018-09-07,0.004018081366147665,3998.0
2018-09-10,-0.0002501250625312656,3997.0
2018-09-11,-0.002251688766574931,3988.0
2018-09-12,-0.0015045135406218655,3982.0
2018-09-13,0.0045203415369161224,4000.0
2018-09-14,-0.005,3980.0
2018-09-18,0.0414572864321608,4145.0
2018-09-19,-0.015440289505428226,4081.0
2018-09-20,-0.018377848566527813,4006.0
2018-09-21,0.004992511233150275,4026.0
2018-09-25,0.022851465474416296,4118.0
2018-09-26,-0.009713453132588635,4078.0
2018-09-27,0.01544874938695439,4141.0
2018-09-28,-0.013764791113257667,4084.0
2018-10-01,-0.011263467189030362,4038.0
2018-10-02,-0.007181773155027241,4009.0
2018-10-03,-0.006734846595160888,3982.0
2018-10-04,0.005775991963837268,4005.0
2018-10-05,-0.0012484394506866417,4000.0
2018-10-09,-0.0315,3874.0
2018-10-10,-0.0074858027878162104,3845.0
2018-10-11,-0.01638491547464239,3782.0
2018-10-12,0.005552617662612375,3803.0
2018-10-15,0.014199316329213778,3857.0
2018-10-16,-0.0059631838216230235,3834.0
2018-10-17,0.007042253521126761,3861.0
2018-10-18,0.00802900802900803,3892.0
2018-10-19,0.0005138746145940391,3894.0
2018-10-22,0.00539291217257319,3915.0
2018-10-23,-0.020945083014048533,3833.0
2018-10-24,-0.001826245760500913,3826.0
2018-10-25,-0.0070569785676947204,3799.0
2018-10-26,-0.0031587259805211897,3787.0
2018-10-29,0.02746237127013467,3891.0
2018-10-30,0.008224106913389874,3923.0
2018-10-31,0.023961254142238084,4017.0
2018-11-01,-0.017425939756036842,3947.0
2018-11-02,-0.006080567519635166,3923.0
2018-11-05,0.016314045373438696,3987.0
2018-11-06,-0.016804614998745925,3920.0
2018-11-07,0.01096938775510204,3963.0
2018-11-08,0.003028009084027252,3975.0
2018-11-09,0.02591194968553459,4078.0
2018-11-12,0.008092202059833251,4111.0
2018-11-13,-0.00048649963512527365,4109.0
2018-11-14,0.022146507666098807,4200.0
2018-11-15,0.006190476190476191,4226.0
2018-11-16,-0.005205868433506862,4204.0
2018-11-19,-0.001665080875356803,4197.0
2018-11-20,0.0035739814152966403,4212.0
2018-11-21,-0.005698005698005698,4188.0
2018-11-22,0.0052531041069723014,4210.0
2018-11-26,-0.032066508313539195,4075.0
2018-11-27,0.016441717791411042,4142.0
2018-11-28,-0.026798647996137133,4031.0
2018-11-29,0.019846192011907716,4111.0
2018-11-30,-0.004135246898564826,4094.0
2018-12-03,0.005129457743038593,4115.0
2018-12-04,-0.014580801944106925,4055.0
2018-12-05,-0.0093711467324291,4017.0
2018-12-06,-0.009210853871048046,3980.0
2018-12-07,0.011809045226130653,4027.0
2018-12-10,-0.04022845790911348,3865.0
2018-12-11,0.00983182406209573,3903.0
2018-12-12,0.014347937483986677,3959.0
2018-12-13,0.002020712301086133,3967.0
2018-12-14,-0.0005041593143433325,3965.0
2018-12-17,-0.0005044136191677175,3963.0
2018-12-18,-0.017158718142821095,3895.0
2018-12-19,0.01668806161745828,3960.0
2018-12-20,-0.027525252525252526,3851.0
2018-12-21,-0.003895092183848351,3836.0
2018-12-25,-0.019551616266944735,3761.0
2018-12-26,0.021802712044668972,3843.0
2018-12-27,0.01483216237314598,3900.0
2018-12-28,-0.002307692307692308,3891.0
2019-01-04,-0.02441531739912619,3796.0
2019-01-07,0.031875658587987354,3917.0
2019-01-08,-0.01148838396732193,3872.0
2019-01-09,0.0030991735537190084,3884.0
2019-01-10,0.004119464469618949,3900.0
2019-01-11,0.00641025641025641,3925.0
2019-01-15,0.003821656050955414,3940.0
2019-01-16,0.0025380710659898475,3950.0
2019-01-17,-0.0020253164556962027,3942.0
2019-01-18,0.006341958396752917,3967.0
2019-01-21,-0.010335265944038316,3926.0
2019-01-22,0.010697911360163017,3968.0
2019-01-23,-0.011088709677419355,3924.0
2019-01-24,0.014271151885830785,3980.0
2019-01-25,-0.002512562814070352,3970.0
2019-01-28,-0.011083123425692695,3926.0
2019-01-29,0.011462047885888945,3971.0
2019-01-30,-0.005036514731805591,3951.0
2019-01-31,0.003290306251581878,3964.0
2019-02-01,0.020181634712411706,4044.0
2019-02-04,0.009891196834817012,4084.0
2019-02-05,0.0004897159647404506,4086.0
2019-02-06,-0.004894762604013705,4066.0
2019-02-07,-0.009837678307919331,4026.0
2019-02-08,0.00024838549428713363,4027.0
2019-02-12,-0.0009932952570151478,4023.0
2019-02-13,0.004722843649018146,4042.0
2019-02-14,-0.0019792182088075212,4034.0
2019-02-15,0.0007436787307882995,4037.0
2019-02-18,0.0007431260837255387,4040.0
2019-02-19,0.008415841584158416,4074.0
2019-02-20,-0.0009818360333824251,4070.0
2019-02-21,-0.0017199017199017199,4063.0
2019-02-22,0.005168594634506522,4084.0
2019-02-25,0.00514201762977473,4105.0
2019-02-26,-0.008526187576126675,4070.0
2019-02-27,0.00909090909090909,4107.0
2019-02-28,-0.010226442658875092,4065.0
2019-03-01,-0.009102091020910209,4028.0
2019-03-04,-0.005461767626613704,4006.0
2019-03-05,-0.0004992511233150275,4004.0
2019-03-06,-0.003996003996003996,3988.0
2019-03-07,0.007021063189568706,4016.0
2019-03-08,-0.023406374501992032,3922.0
2019-03-11,0.009178990311065782,3958.0
2019-03-12,0.006821627084386054,3985.0
2019-03-13,-0.012547051442910916,3935.0
2019-03-14,-0.008640406607369758,3901.0
2019-03-15,0.008459369392463471,3934.0
2019-03-18,0.0,3934.0
2019-03-19,-0.005592272496187087,3912.0
2019-03-20,-0.009458077709611452,3875.0
2019-03-22,0.003096774193548387,3887.0
2019-03-25,-0.015178801131978389,3828.0
2019-03-26,0.019592476489028215,3903.0
2019-03-27,-0.016397642838841917,3839.0
2019-03-28,0.007554050533993228,3868.0
2019-03-29,0.008014477766287487,3899.0
2019-04-01,-0.004616568350859195,3881.0
2019-04-02,-0.009018294254058232,3846.0
2019-04-03,0.004160166406656267,3862.0
2019-04-04,-0.0031071983428275505,3850.0
2019-04-05,0.00961038961038961,3887.0
2019-04-08,-0.010290712631849755,3847.0
2019-04-09,-0.011957369378736678,3801.0
2019-04-10,-0.003683241252302026,3787.0
2019-04-11,0.007657776604172168,3816.0
2019-04-12,0.0010482180293501049,3820.0
2019-04-15,0.004188481675392671,3836.0
2019-04-16,-0.0046923879040667365,3818.0
2019-04-17,-0.004452592980618125,3801.0
2019-04-18,-0.0005261773217574323,3799.0
2019-04-19,-0.013951039747301922,3746.0
2019-04-22,-0.01014415376401495,3708.0
2019-04-23,0.0024271844660194173,3717.0
2019-04-24,-0.004035512510088781,3702.0
2019-04-25,0.006212857914640735,3725.0
2019-04-26,0.0010738255033557046,3729.0
2019-05-07,0.0249396621078037,3822.0
2019-05-08,-0.0358451072736787,3685.0
2019-05-09,-0.026051560379918588,3589.0
2019-05-10,0.005015324602953469,3607.0
2019-05-13,-0.0011089548100914888,3603.0
2019-05-14,-0.010269220094365806,3566.0
2019-05-15,0.004206393718452047,3581.0
2019-05-16,0.007260541748115051,3607.0
2019-05-17,-0.0049902966454117,3589.0
2019-05-20,-0.0005572582892170521,3587.0
2019-05-21,0.0016727069974909396,3593.0
2019-05-22,-0.016142499304202616,3535.0
2019-05-23,0.004526166902404526,3551.0
2019-05-24,-0.001126443255421008,3547.0
2019-05-27,0.006484352974344516,3570.0
2019-05-28,-0.017927170868347338,3506.0
2019-05-29,-0.012835139760410725,3461.0
2019-05-30,-0.0023114706732158337,3453.0
2019-05-31,-0.011584129742253113,3413.0
2019-06-03,-0.0011719894520949312,3409.0
2019-06-04,-0.010853622763273688,3372.0
2019-06-05,0.028469750889679714,3468.0
2019-06-06,0.012399077277970011,3511.0
2019-06-07,-0.011962403873540303,3469.0
2019-06-10,0.007494955318535601,3495.0
2019-06-11,0.001430615164520744,3500.0
2019-06-12,0.0014285714285714286,3505.0
2019-06-13,0.0019971469329529245,3512.0
2019-06-14,0.00683371298405467,3536.0
2019-06-17,-0.0053733031674208145,3517.0
2019-06-18,-0.00796133067955644,3489.0
2019-06-19,0.002292920607623961,3497.0
2019-06-20,-0.002287675150128682,3489.0
2019-06-21,-0.01662367440527372,3431.0
2019-06-24,0.0011658408627222385,3435.0
2019-06-25,0.0023289665211062593,3443.0
2019-06-26,-0.0034853325588149867,3431.0
2019-06-27,0.0020402215097639173,3438.0
2019-06-28,0.0014543339150668994,3443.0
2019-07-01,0.01858844031367993,3507.0
2019-07-02,0.00028514399771884804,3508.0
2019-07-03,0.0059863169897377425,3529.0
2019-07-04,0.003967129498441485,3543.0
2019-07-05,0.002540220152413209,3552.0
2019-07-08,-0.01463963963963964,3500.0
2019-07-09,-0.010571428571428572,3463.0
2019-07-10,-0.006352873231302339,3441.0
2019-07-11,0.007846556233653008,3468.0
2019-07-12,0.003748558246828143,3481.0
2019-07-16,0.002010916403332376,3488.0
2019-07-17,-0.005733944954128441,3468.0
2019-07-18,-0.010380622837370242,3432.0
2019-07-19,0.01486013986013986,3483.0
2019-07-22,-0.010910134941142693,3445.0
2019-07-23,-0.0020319303338171262,3438.0
2019-07-24,0.0008726003490401396,3441.0
2019-07-25,0.0023249055507120024,3449.0
2019-07-26,-0.00956799072194839,3416.0
2019-07-29,0.0014637002341920376,3421.0
2019-07-30,0.006138555977784273,3442.0
2019-07-31,-0.004357931435212086,3427.0
2019-08-01,-0.022176831047563468,3351.0
2019-08-02,-0.009549388242315727,3319.0
2019-08-05,-0.011449231696294065,3281.0
2019-08-06,-0.0006095702529716549,3279.0
2019-08-07,0.011283928026837451,3316.0
2019-08-08,0.005428226779252111,3334.0
2019-08-09,-0.0032993401319736052,3323.0
2019-08-13,-0.0045139933794763765,3308.0
2019-08-14,-0.004232164449818622,3294.0
2019-08-15,-0.00273224043715847,3285.0
2019-08-16,-0.0036529680365296802,3273.0
2019-08-19,0.010693553315001528,3308.0
2019-08-20,-0.0024183796856106408,3300.0
2019-08-21,-0.014242424242424242,3253.0
2019-08-22,0.0012296341838303104,3257.0
2019-08-23,0.0092109303039607,3287.0
2019-08-26,-0.0060845756008518406,3267.0
2019-08-27,0.002448729721456994,3275.0
2019-08-28,-0.002748091603053435,3266.0
2019-08-29,0.01132884262094305,3303.0
2019-08-30,0.004844081138359067,3319.0
2019-09-02,-0.0018077734257306419,3313.0
2019-09-03,0.005734983398732267,3332.0
2019-09-04,-0.008403361344537815,3304.0
2019-09-05,0.0033292978208232446,3315.0
2019-09-06,-0.0027149321266968325,3306.0
2019-09-09,0.011494252873563218,3344.0
2019-09-10,0.019138755980861243,3408.0
2019-09-11,-0.0017605633802816902,3402.0
2019-09-12,0.012933568489124045,3446.0
2019-09-13,0.00261172373766686,3455.0
2019-09-17,-0.01881331403762663,3390.0
2019-09-18,0.002359882005899705,3398.0
2019-09-19,0.00264861683343143,3407.0
2019-09-20,-0.008218373936014088,3379.0
2019-09-24,0.002959455460195324,3389.0
2019-09-25,0.011802891708468575,3429.0
2019-09-26,-0.0005832604257801109,3427.0
2019-09-27,-0.030639042894660053,3322.0
2019-09-30,-0.033112582781456956,3212.0
2019-10-01,0.026774595267745952,3298.0
2019-10-02,-0.0033353547604608852,3287.0
2019-10-03,-0.013994523881959233,3241.0
2019-10-04,0.006788028386300524,3263.0
2019-10-07,0.002451731535396874,3271.0
2019-10-08,-0.0018343014368694588,3265.0
2019-10-09,-0.005513016845329249,3247.0
2019-10-10,0.006467508469356329,3268.0
2019-10-11,0.018665850673194616,3329.0
2019-10-15,0.0039050765995794533,3342.0
2019-10-16,0.003590664272890485,3354.0
2019-10-17,0.0029815146094215863,3364.0
2019-10-18,0.0032699167657550534,3375.0
2019-10-21,-0.007407407407407408,3350.0
2019-10-23,0.0,3350.0
2019-10-24,-0.0008955223880597015,3347.0
2019-10-25,0.0023902001792650133,3355.0
2019-10-28,-0.0008941877794336811,3352.0
2019-10-29,-0.007458233890214797,3327.0
2019-10-30,0.013225127742711151,3371.0
2019-10-31,0.0008899436369029962,3374.0
2019-11-01,0.0005927682276229994,3376.0
2019-11-05,-0.005035545023696682,3359.0
2019-11-06,0.015480797856504911,3411.0
2019-11-07,0.001759014951627089,3417.0
2019-11-08,-0.010535557506584723,3381.0
2019-11-11,-0.0029577048210588583,3371.0
2019-11-12,0.010975971521803619,3408.0
2019-11-13,-0.014964788732394365,3357.0
2019-11-14,-0.0077450104259755735,3331.0
2019-11-15,0.006904833383368358,3354.0
2019-11-18,-0.006261180679785331,3333.0
2019-11-19,-0.0039003900390039005,3320.0
2019-11-20,0.01144578313253012,3358.0
2019-11-21,-0.0002977963073257892,3357.0
2019-11-22,-0.012809055704498064,3314.0
2019-11-25,0.009957754978877489,3347.0
2019-11-26,-0.0011951000896325067,3343.0
2019-11-27,0.014956625785222853,3393.0
2019-11-28,0.0035366931918656055,3405.0
2019-11-29,-0.000881057268722467,3402.0
2019-12-02,-0.003233392122281011,3391.0
2019-12-03,-0.00707755824240637,3367.0
2019-12-04,-0.009207009207009207,3336.0
2019-12-05,0.006594724220623501,3358.0
2019-12-06,-0.004466944609886838,3343.0
2019-12-09,0.0071791803769069695,3367.0
2019-12-10,-0.005049005049005049,3350.0
2019-12-11,0.008656716417910448,3379.0
2019-12-12,-0.0023675643681562593,3371.0
2019-12-13,-0.0011865915158706616,3367.0
2019-12-16,0.004752004752004752,3383.0
2019-12-17,0.020987289388117055,3454.0
2019-12-18,-0.012159814707585408,3412.0
2019-12-19,-0.008792497069167644,3382.0
2019-12-20,0.007392075694855115,3407.0
2019-12-23,-0.0017610801291458762,3401.0
2019-12-24,-0.0026462805057336078,3392.0
2019-12-25,-0.003242924528301887,3381.0
2019-12-26,0.010056196391600119,3415.0
2019-12-27,0.00029282576866764275,3416.0
2019-12-30,-0.0055620608899297425,3397.0
2020-01-06,-0.027671474830733,3303.0
2020-01-07,0.020284589766878594,3370.0
2020-01-08,0.005637982195845697,3389.0
2020-01-09,0.023310711124225437,3468.0
2020-01-10,-0.010380622837370242,3432.0
2020-01-14,0.003787878787878788,3445.0
2020-01-15,-0.006966618287373005,3421.0
2020-01-16,-0.01373867290266004,3374.0
2020-01-17,0.0026674570243034974,3383.0
2020-01-20,0.006207508128879693,3404.0
2020-01-21,-0.029670975323149235,3303.0
2020-01-22,-0.003330305782621859,3292.0
2020-01-23,-0.018833535844471446,3230.0
2020-01-24,0.009597523219814242,3261.0
2020-01-27,-0.03894510886231217,3134.0
2020-01-28,-0.0038289725590299937,3122.0
2020-01-29,0.0016015374759769379,3127.0
2020-01-30,-0.008314678605692356,3101.0
2020-01-31,-0.0019348597226701064,3095.0
2020-02-03,-0.018739903069466882,3037.0
2020-02-04,0.011524530786960816,3072.0
2020-02-05,0.017903645833333332,3127.0
2020-02-06,0.02494403581707707,3205.0
2020-02-07,-0.01185647425897036,3167.0
2020-02-10,-0.012314493211240922,3128.0
2020-02-12,-0.013107416879795396,3087.0
2020-02-13,0.017816650469711693,3142.0
2020-02-14,-0.013685550604710375,3099.0
2020-02-17,-0.023233301064859633,3027.0
2020-02-18,0.0006607201850016518,3029.0
2020-02-19,-0.005282271376691978,3013.0
2020-02-20,-0.004812479256554929,2998.5
2020-02-21,0.0005002501250625312,3000.0
2020-02-25,-0.04083333333333333,2877.5
2020-02-26,-0.019113814074717638,2822.5
2020-02-27,-0.0449955713020372,2695.5
2020-02-28,-0.006492301984789464,2678.0
2020-03-02,-0.003547423450336072,2668.5
2020-03-03,-0.01011804384485666,2641.5
2020-03-04,0.0009464319515426841,2644.0
2020-03-05,-0.00340393343419062,2635.0
2020-03-06,-0.043074003795066415,2521.5
2020-03-09,-0.05929010509617291,2372.0
2020-03-10,-0.0006323777403035413,2370.5
2020-03-11,-0.0006327778949588694,2369.0
2020-03-12,-0.07028281975517096,2202.5
2020-03-13,-0.1250851305334847,1927.0
2020-03-16,0.03399065905552673,1992.5
2020-03-17,-0.004265997490589712,1984.0
2020-03-18,-0.002772177419354839,1978.5
2020-03-19,-0.0037907505686125853,1971.0
2020-03-23,-0.00989345509893455,1951.5
2020-03-24,0.03868818857289265,2027.0
2020-03-25,0.06709422792303897,2163.0
2020-03-26,-0.020573277854831252,2118.5
2020-03-27,0.005664385178192117,2130.5
2020-03-30,-0.028866463271532503,2069.0
2020-03-31,-0.03818269695505075,1990.0
2020-04-01,-0.0457286432160804,1899.0
2020-04-02,-0.05713533438651922,1790.5
2020-04-03,-0.032113934655124264,1733.0
2020-04-06,0.02827466820542412,1782.0
2020-04-07,0.041245791245791245,1855.5
2020-04-08,0.08757747237941256,2018.0
2020-04-09,-0.0019821605550049554,2014.0
2020-04-10,-0.014399205561072492,1985.0
2020-04-13,-0.008060453400503778,1969.0
2020-04-14,-0.006856272219400711,1955.5
2020-04-15,0.022244950140628994,1999.0
2020-04-16,-0.02976488244122061,1939.5
2020-04-17,0.005413766434648105,1950.0
2020-04-20,-0.005128205128205128,1940.0
2020-04-21,-0.016237113402061857,1908.5
2020-04-22,-0.043227665706051875,1826.0
2020-04-23,0.007119386637458927,1839.0
2020-04-24,-0.026644915715062535,1790.0
2020-04-27,0.046089385474860335,1872.5
2020-04-28,0.020560747663551402,1911.0
2020-04-30,0.015175300889586603,1940.0
2020-05-01,-0.03221649484536082,1877.5
2020-05-07,-0.0692410119840213,1747.5
2020-05-08,0.025464949928469243,1792.0
2020-05-11,0.09765625,1967.0
2020-05-12,-0.0340620233858668,1900.0
2020-05-13,-0.014473684210526316,1872.5
2020-05-14,-0.02376502002670227,1828.0
2020-05-15,-0.011761487964989058,1806.5
2020-05-18,-0.0011071132023249377,1804.5
2020-05-19,0.031864782488223886,1862.0
2020-05-20,0.004564983888292159,1870.5
2020-05-21,0.0024057738572574178,1875.0
2020-05-22,0.0061333333333333335,1886.5
2020-05-25,0.09408958388550226,2064.0
2020-05-26,0.08163759689922481,2232.5
2020-05-27,-0.020604703247480403,2186.5
2020-05-28,0.011891150240109765,2212.5
2020-05-29,-0.0431638418079096,2117.0
2020-06-01,0.014407179971658007,2147.5
2020-06-02,-0.005820721769499418,2135.0
2020-06-03,0.02459016393442623,2187.5
2020-06-04,-0.009828571428571428,2166.0
2020-06-05,0.0974145891043398,2377.0
2020-06-08,0.029869583508624318,2448.0
2020-06-09,-0.00428921568627451,2437.5
2020-06-10,-0.014153846153846154,2403.0
2020-06-11,-0.06367041198501873,2250.0
2020-06-12,-0.009777777777777778,2228.0
2020-06-15,-0.06104129263913824,2092.0
2020-06-16,0.0518642447418738,2200.5
2020-06-17,-0.026130424903431038,2143.0
2020-06-18,-0.027531497900139992,2084.0
2020-06-19,0.0213531669865643,2128.5
2020-06-22,-0.0204369274136716,2085.0
2020-06-23,0.00023980815347721823,2085.5
2020-06-24,-0.011987532965715655,2060.5
2020-06-25,-0.04125212327105072,1975.5
2020-06-26,-0.012401923563654771,1951.0
2020-06-29,-0.02665299846232701,1899.0
2020-06-30,0.022643496577145865,1942.0
2020-07-01,-0.016220391349124615,1910.5
2020-07-02,0.019104946349123266,1947.0
2020-07-03,-0.0023112480739599386,1942.5
2020-07-06,0.02882882882882883,1998.5
2020-07-07,-0.004503377533149862,1989.5
2020-07-08,-0.00929881879869314,1971.0
2020-07-09,-0.0334855403348554,1905.0
2020-07-10,0.0010498687664041995,1907.0
2020-07-13,0.04090194022024122,1985.0
2020-07-14,-0.025692695214105794,1934.0
2020-07-15,0.01344364012409514,1960.0
2020-07-16,0.03494897959183674,2028.5
2020-07-17,-0.023416317475967462,1981.0
2020-07-20,-0.03281171125694094,1916.0
2020-07-21,-0.005480167014613779,1905.5
2020-07-22,0.0002623983206507478,1906.0
2020-07-27,-0.006033578174186778,1894.5
2020-07-28,-0.026128266033254157,1845.0
2020-07-29,-0.017344173441734417,1813.0
2020-07-30,-0.04633204633204633,1729.0
2020-07-31,-0.010121457489878543,1711.5
2020-08-03,-0.021034180543382998,1675.5
2020-08-04,0.08206505520740077,1813.0
2020-08-05,-0.02923331494760066,1760.0
2020-08-06,0.015056818181818182,1786.5
2020-08-07,0.042261404981808005,1862.0
2020-08-11,0.04296455424274973,1942.0
2020-08-12,0.021112255406797117,1983.0
2020-08-13,-0.0113464447806354,1960.5
2020-08-14,0.0102014792144861,1980.5
2020-08-17,-0.0007573844988639232,1979.0
2020-08-18,-0.01869631126831733,1942.0
2020-08-19,0.018537590113285273,1978.0
2020-08-20,0.02578361981799798,2029.0
2020-08-21,0.01429275505174963,2058.0
2020-08-24,-0.012147716229348883,2033.0
2020-08-25,0.04648303000491884,2127.5
2020-08-26,-0.004935370152761457,2117.0
2020-08-27,-0.02432687765706188,2065.5
2020-08-28,0.007746308399903171,2081.5
2020-08-31,0.015613740091280326,2114.0
2020-09-01,-0.003784295175023652,2106.0
2020-09-02,-0.003798670465337132,2098.0
2020-09-03,0.0021448999046711154,2102.5
2020-09-04,0.014744351961950059,2133.5
2020-09-07,0.04241856104991797,2224.0
2020-09-08,-0.0011241007194244604,2221.5
2020-09-09,-0.013729462075174432,2191.0
2020-09-10,0.012779552715654952,2219.0
2020-09-11,0.01622352410995944,2255.0
2020-09-14,0.007095343680709534,2271.0
2020-09-15,-0.028621752531924262,2206.0
2020-09-16,-0.01971894832275612,2162.5
2020-09-17,-0.016647398843930634,2126.5
2020-09-18,0.003291794027745121,2133.5
2020-09-23,-0.016639325052730254,2098.0
2020-09-24,-0.0014299332697807435,2095.0
2020-09-25,-0.013365155131264916,2067.0
2020-09-28,-0.036284470246734396,1992.0
2020-09-29,0.01581325301204819,2023.5
2020-09-30,-0.02841611069928342,1966.0
2020-10-02,0.000254323499491353,1966.5
2020-10-05,0.02949402491736588,2024.5
2020-10-06,-0.0029636947394418374,2018.5
2020-10-07,0.0007431260837255387,2020.0
2020-10-08,-0.006683168316831683,2006.5
2020-10-09,-0.00299028158484924,2000.5
2020-10-12,0.01374656335916021,2028.0
2020-10-13,0.030325443786982247,2089.5
2020-10-14,-0.044268963866953816,1997.0
2020-10-15,0.006509764646970456,2010.0
2020-10-16,-0.018159203980099504,1973.5
2020-10-19,0.016468203699011908,2006.0
2020-10-20,-0.01296111665004985,1980.0
2020-10-21,0.029292929292929294,2038.0
2020-10-22,-0.022080471050049066,1993.0
2020-10-23,0.021575514300050176,2036.0
2020-10-26,0.0,2036.0
2020-10-27,-0.04273084479371316,1949.0
2020-10-28,-0.018214468958440224,1913.5
2020-10-29,-0.01358766657956624,1887.5
2020-10-30,-0.037350993377483446,1817.0
2020-11-02,0.018161805173362685,1850.0
2020-11-04,0.0016216216216216215,1853.0
2020-11-05,-0.0037776578521316784,1846.0
2020-11-06,-0.0016251354279523294,1843.0
2020-11-09,-0.10960390667390124,1641.0
2020-11-10,0.21206581352833637,1989.0
2020-11-11,-0.021116138763197588,1947.0
2020-11-12,-0.03852080123266564,1872.0
2020-11-13,-0.019230769230769232,1836.0
2020-11-16,0.05555555555555555,1938.0
2020-11-17,0.03715170278637771,2010.0
2020-11-18,-0.01691542288557214,1976.0
2020-11-20,-0.030364372469635626,1916.0
2020-11-24,0.049060542797494784,2010.0
2020-11-25,0.10199004975124377,2215.0
2020-11-26,-0.0799097065462754,2038.0
2020-11-27,0.007360157016683023,2053.0
2020-11-30,-0.037018996590355575,1977.0
2020-12-01,0.014668689934243804,2006.0
2020-12-02,-0.0029910269192422734,2000.0
2020-12-03,0.0285,2057.0
2020-12-04,-0.01166747690811862,2033.0
2020-12-07,-0.026069847515986226,1980.0
2020-12-08,-0.024747474747474747,1931.0
2020-12-09,0.02641118591403418,1982.0
2020-12-10,-0.009081735620585268,1964.0
2020-12-11,0.018329938900203666,2000.0
2020-12-14,0.0065,2013.0
2020-12-15,-0.03427719821162444,1944.0
2020-12-16,0.009259259259259259,1962.0
2020-12-17,-0.02803261977573904,1907.0
2020-12-18,0.01101206082852648,1928.0
